iri,slug,office,date_display@de,title_override,cover_page,sort_key,teaser@de,teaser@en,keep,lang,name,#note
http://rdfh.ch/0803/CDYZPN5zVVKbIcjA1DZxKQ,bereitung,amerbach,1489,,http://rdfh.ch/0803/s-hBmajpVteY3fYcRjsJIQ,,Der umfangreichste Band des Bestandes; drei wiederverwendete Holzschnitte sind darin markiert.,"The largest volume in the corpus, with three re-used woodcuts marked across its pages.",,,,
http://rdfh.ch/0803/PZcNpxILXBuKqGfglAZ4Vg,brandan,other,19. Februar 1491,,http://rdfh.ch/0803/KOzqPpNTVrWUrnTPu5iDSA,,,,,,,
http://rdfh.ch/0803/qEKDZ8HuX2GEmsd-h9WIVQ,de-generatione,ysenhut,1487–1490,,http://rdfh.ch/0803/aQ7om2V5W4SrxDLY-nH9Ug,,,,,,,
http://rdfh.ch/0803/OkoKj6FMWAOFloB5e5MzuQ,itinerarius-peregrinarius,ysenhut,1489,,http://rdfh.ch/0803/1rymDqQlV5iKvmD0FuRSiQ,,,,,,,
http://rdfh.ch/0803/9J7PlFFYWeS9pCADladXbw,itinerarius-peregrinatio,other,1475–1499,,http://rdfh.ch/0803/iul24DMZVqyNSyNC1kiZWQ,,,,,,,
http://rdfh.ch/0803/L9wVqnhfXA-7c5qmKBTylg,lob-der-glieder,amerbach,1492,,http://rdfh.ch/0803/oN9UfbVIVmqgtjSOQasFvg,,,,,,,
http://rdfh.ch/0803/KM3SkDVOU76UayyT8QuB_Q,melusine,other,21. März 1471,,http://rdfh.ch/0803/3D-FlcdLWg63ZE3UfJt2WA,,,,,,,
http://rdfh.ch/0803/lkpFkuy1UUW5vB4SLqoGEQ,methodij,furter,1504,,http://rdfh.ch/0803/QO6RxSpSUZOZm3sJS2qkLg,,,,,,,
http://rdfh.ch/0803/cpQ3-JfqVZOkd7hUQ26kTg,narrenschiff-dt,bergmann,3. März 1495,,http://rdfh.ch/0803/Lt_cBhxfVwyZpz6i_hc8vw,Narrenschiff (dt.),"Brants Narrenschiff, der einzige Band des Bestandes, dessen Seiten Randleisten rahmen.","Brant's Ship of Fools, the one volume in the corpus with its pages framed by border strips.",,,,
http://rdfh.ch/0803/KyeQjCqTXLqLdFcRkEO9Rw,narrenschiff-lat-august,bergmann,1. August 1497,[Das] Narrenschiff (lat.) [Aug. 1497],http://rdfh.ch/0803/cl31Ych4WHS4MLgyDyXU4A,Narrenschiff (lat.) [Aug. 1497],,,,,,
http://rdfh.ch/0803/oZyOub3jUm2H0AGmZL3tyQ,narrenschiff-lat-maerz,bergmann,1. März 1497,[Das] Narrenschiff (lat.) [März 1497],http://rdfh.ch/0803/V50dRbdfV4qdIIgX8rfY8Q,Narrenschiff (lat.) [März 1497],,,,,,
http://rdfh.ch/0803/6jKWDQbjU-K2n6VNEjl8sA,orationes,amerbach,1492,,http://rdfh.ch/0803/Q5USL-JbXwKW017d4zSqBQ,,,,,,,
http://rdfh.ch/0803/yHkPDLw2V6KlD_ySoaN3Iw,passio-meynrhadi,furter,20. September 1496,,http://rdfh.ch/0803/Mr6WXCctUFOUFpwbtCxopA,,,,,,,
http://rdfh.ch/0803/2B-ew2G6Vua3qoLmH9_5nw,postilla,furter,28. Juli 1491,,http://rdfh.ch/0803/-34FYx0jVMGTEi8aItQFxQ,,"Ein Arbeitsbuch für die Predigt, in dem zwei Holzstöcke je zweimal gedruckt sind.","A preacher's working book, in which two woodcut blocks are each printed twice.",,,,
http://rdfh.ch/0803/f6pSYFILX1OT1uqXBXotnA,quadragesimale,furter,1495,,http://rdfh.ch/0803/IrW_TAe7Wg6k_gbkK30_lQ,,,,,,,
http://rdfh.ch/0803/OjQkb5b8Xxq4p24nOQigdg,reise,other,1481,,http://rdfh.ch/0803/P6tmCLeJW-2LrDnW-1A40g,,,,,,,
http://rdfh.ch/0803/RIoP4kEzWiWPz8pj3Ci9ew,walfart,ysenhut,1489,,http://rdfh.ch/0803/fueeXbXCWTCSMywfMZ8QBw,,,,,,,
http://rdfh.ch/0803/g3cP7N0-XuGSRFI52RIvig,zeitgloecklein-1490,amerbach,1490,Zeitglöcklein des Lebens und Leidens Christi [1490],http://rdfh.ch/0803/IkREiZlDWuG8q_ofPJ8dBg,,,,,,,
http://rdfh.ch/0803/70aWaB2kWsuiN6ujYgM0ZQ,zeitgloecklein-1492,amerbach,1492,Zeitglöcklein des Lebens und Leidens Christi [1492],http://rdfh.ch/0803/_qXHiyf6WsOfLFEXr7Zdng,,"Bruder Bertholds Zeitglöcklein in der zweiten, reicheren Ausgabe, im aufwendiger kolorierten der beiden Exemplare.","Brother Berthold's Zeitglöcklein in its second, richer edition, the more elaborately coloured of the two copies.",,,,
http://rdfh.ch/0803/00bnHlmDVIq_Blb4DvKGiQ,,,,,,,,,yes,de,identischer Holzschnitt,
http://rdfh.ch/0803/089fJhP1WuylV1wftl5Y_Q,,,,,,,,,yes,de,,
http://rdfh.ch/0803/0JJDCMvsV_e8ZQ5C-icf3w,,,,,,,,,yes,,,"questionable, kept for the owner (D7)"
http://rdfh.ch/0803/0cmoNI6aWpC7CYNnnm5TVA,,,,,,,,,no,,,test artefact (DATA_ISSUES A6)
http://rdfh.ch/0803/1wmDaOiGVhKTHqxTB3y4gA,,,,,,,,,yes,de,identischer Holzschnitt,
http://rdfh.ch/0803/2IqZQvJ8VjyKQUN16phyfg,,,,,,,,,yes,de,,
http://rdfh.ch/0803/2PTENeZfXcKvOkNJkmP4Lg,,,,,,,,,yes,de,,
http://rdfh.ch/0803/2eXY0EcbU-SAobsuCS4sgQ,,,,,,,,,yes,de,,"questionable, kept for the owner (D7)"
http://rdfh.ch/0803/32Zit00kWEKwszICZzTcnQ,,,,,,,,,yes,de,,
http://rdfh.ch/0803/3PgLDuelWVO7sp6w7mrxzw,,,,,,,,,no,,,test artefact (DATA_ISSUES A6)
http://rdfh.ch/0803/3YVDBltbVHak_lZfX9Ocaw,,,,,,,,,yes,de,,
http://rdfh.ch/0803/49Oa7VtBXa2eDZJCT2HKPA,,,,,,,,,yes,de,identischer Holzschnitt,
http://rdfh.ch/0803/4L4KBhxKX0mDsEMbsjc0Tw,,,,,,,,,yes,de,identischer Holzschnitt,
http://rdfh.ch/0803/5HOuD4RvV2q9UM6JWKDGPg,,,,,,,,,yes,de,identischer Holzschnitt,
http://rdfh.ch/0803/5fuEx8evUUSs2FZT01qgzg,,,,,,,,,yes,de,,
http://rdfh.ch/0803/5jxlok4hW7mTSC44dGePzg,,,,,,,,,no,,,test artefact (DATA_ISSUES A6)
http://rdfh.ch/0803/7aC47RmXW3uxXx0m33cM-g,,,,,,,,,yes,de,,
http://rdfh.ch/0803/8G91SPX1VPG3ELHxrjv78Q,,,,,,,,,yes,de,identischer Holzschnitt,
http://rdfh.ch/0803/8gFr71PzUqu2QjU4RRi_9g,,,,,,,,,yes,de,identischer Holzschnitt,
http://rdfh.ch/0803/9XNUQwsWVeOW-xUVccbv1w,,,,,,,,,yes,de,,
http://rdfh.ch/0803/AkmDK4YTXqaAb2OgSC4CDw,,,,,,,,,yes,de,,
http://rdfh.ch/0803/BkvPTT11VZGpGNMSzQ3C3Q,,,,,,,,,yes,de,,
http://rdfh.ch/0803/DSZnJkGhWoajGbniPzP0sQ,,,,,,,,,yes,de,,
http://rdfh.ch/0803/DmSLfrHHW-aDChSmNhw2Gg,,,,,,,,,yes,de,identischer Holzschnitt,
http://rdfh.ch/0803/E1BDVABJXzS2omxCRrvgNw,,,,,,,,,yes,de,identischer Holzschnitt,one target (DATA_ISSUES A4): no partner line
http://rdfh.ch/0803/E7VBj9uBXKyrhvFLEc7Zrg,,,,,,,,,yes,de,im selben Band gebunden,D9: the three-book binding note
http://rdfh.ch/0803/EDqDFUAsXtSuBreIXyuCiQ,,,,,,,,,yes,de,,
http://rdfh.ch/0803/Er4kvNU2W32BIQu5aE9VHw,,,,,,,,,no,,,test artefact (DATA_ISSUES A6)
http://rdfh.ch/0803/FMz9WIT5XYOOGtQG8Bi38w,,,,,,,,,yes,de,,
http://rdfh.ch/0803/FnUMekGQVqKdJ8EhlVLDug,,,,,,,,,yes,de,identischer Holzschnitt,
http://rdfh.ch/0803/G-rCey3XWS2cUL9yAi2dnA,,,,,,,,,yes,de,,
http://rdfh.ch/0803/G3RnPb-WX-yyhRS16v_uTw,,,,,,,,,yes,de,,
http://rdfh.ch/0803/G6oYyCkwW02PIhe3xll43g,,,,,,,,,yes,de,,
http://rdfh.ch/0803/GGM13SVZUfSBieCsZO5TnA,,,,,,,,,no,,,test artefact (DATA_ISSUES A6)
http://rdfh.ch/0803/GOkuI_IxVuSKMRZmCypz7Q,,,,,,,,,yes,de,,
http://rdfh.ch/0803/GgE0hrMoUpWc4VAW299D6Q,,,,,,,,,yes,en,,"questionable, kept for the owner (D7)"
http://rdfh.ch/0803/H-OnOBzuVgi6MlBo2V60TQ,,,,,,,,,yes,de,,
http://rdfh.ch/0803/H5yAU-m7X9q-BRYsVt9w7A,,,,,,,,,yes,de,,
http://rdfh.ch/0803/HY_mz7JFWOiHZB90Vq7sZg,,,,,,,,,yes,de,identischer Holzschnitt,one target (DATA_ISSUES A4): no partner line
http://rdfh.ch/0803/HqIPyPXNWcaWuMLVwgfXBA,,,,,,,,,yes,de,,
http://rdfh.ch/0803/IBwGU-N7XxW1bFi4I1kh3Q,,,,,,,,,yes,de,identischer Holzschnitt,
http://rdfh.ch/0803/IbLaQ8JHU_WH1Mx2BWqr4Q,,,,,,,,,yes,de,,the remark names its own page (c5r); its link partner is the German b6v. Kept verbatim (D7)
http://rdfh.ch/0803/JBcwyVX6VJaZ0rwQFxr8PQ,,,,,,,,,yes,de,,
http://rdfh.ch/0803/K7SBwA60Uwetq9pjMzvEWw,,,,,,,,,yes,de,,one target (DATA_ISSUES A4); the name falls back to the comment
http://rdfh.ch/0803/LCmpc801VhSpV-t1_fflqQ,,,,,,,,,no,,,test artefact (DATA_ISSUES A6)
http://rdfh.ch/0803/LPw7a0ubUDKfjSWAc4-ECg,,,,,,,,,yes,de,,
http://rdfh.ch/0803/LneFa_meXu-kcrKZNdrAJA,,,,,,,,,no,,,test artefact (DATA_ISSUES A6)
http://rdfh.ch/0803/MJBQMyqjUEe8FjFwRUAL4Q,,,,,,,,,yes,de,,
http://rdfh.ch/0803/NNDkHRthUuKwfKVGaX7H7g,,,,,,,,,yes,de,,
http://rdfh.ch/0803/NSEnUtfEVMyFyKFMWqhl1g,,,,,,,,,yes,de,identischer Holzschnitt,
http://rdfh.ch/0803/Nj0mroV0V-C695Ub6-mwKw,,,,,,,,,no,,,test artefact (DATA_ISSUES A6)
http://rdfh.ch/0803/O-R69zOkWRyCUXE7d5k-PA,,,,,,,,,yes,en,,"questionable, kept for the owner (D7)"
http://rdfh.ch/0803/OWvgOgSkU3WzmRHxXWJuCQ,,,,,,,,,yes,de,,
http://rdfh.ch/0803/OlapEtnzUbui7Lamjmfagw,,,,,,,,,yes,de,,
http://rdfh.ch/0803/PjjdV9lWXd-XoNTGf9XdKg,,,,,,,,,no,,,test artefact (DATA_ISSUES A6)
http://rdfh.ch/0803/QkahE-G7WSmGm3CTibPOhw,,,,,,,,,yes,de,identischer Holzschnitt,one target (DATA_ISSUES A4): no partner line
http://rdfh.ch/0803/RxP7SpbFUEqw1N-kj0J5IA,,,,,,,,,yes,de,,
http://rdfh.ch/0803/Uimrq1KxV3uL8HCjEll9HA,,,,,,,,,yes,de,,
http://rdfh.ch/0803/VFbr0WmqWBOUlijYG3Rw_g,,,,,,,,,yes,de,identischer Holzschnitt,
http://rdfh.ch/0803/WpNfSfnWUhmTwLQvByNxZQ,,,,,,,,,yes,de,,
http://rdfh.ch/0803/XTtkp_hEUDWO828r2pb2PA,,,,,,,,,yes,de,,
http://rdfh.ch/0803/XyNTVX1oW2e2xA0WxFKAHA,,,,,,,,,yes,de,identischer Holzschnitt,
http://rdfh.ch/0803/Y6LDxvN6UEaSKF6XnDgdSg,,,,,,,,,yes,de,,
http://rdfh.ch/0803/YFEZah_aUQq6IilZwtRGIQ,,,,,,,,,yes,en,,"questionable, kept for the owner (D7)"
http://rdfh.ch/0803/YJECpzXKUn6ZxFxedq6Mfg,,,,,,,,,yes,de,,
http://rdfh.ch/0803/YLToxLUYXx62qcjRXHArNg,,,,,,,,,yes,de,identischer Holzschnitt,
http://rdfh.ch/0803/Z1zy2TYbWn-IaJPhGhkgGA,,,,,,,,,yes,de,identischer Holzschnitt,
http://rdfh.ch/0803/Z6pN6v4FUSOdLc_ghfCfng,,,,,,,,,yes,de,Übersetzung,D9: 'Lateinische Übersetzung' reads backwards from the Latin book
http://rdfh.ch/0803/ZFEv_LsrWOmGabyrA71qhQ,,,,,,,,,no,,,test artefact (DATA_ISSUES A6)
http://rdfh.ch/0803/ZoTJFNbQX1OldLRKS7R6Xg,,,,,,,,,no,,,test artefact (DATA_ISSUES A6)
http://rdfh.ch/0803/_j3T1ZACWzGNux_T6tlnCA,,,,,,,,,yes,de,gleiche Druckermarke,D8: the comment's citation stays in the comment
http://rdfh.ch/0803/auzqLBYVXuyOjam2lizLGQ,,,,,,,,,yes,de,,
http://rdfh.ch/0803/b50nJs4vUrehufcVl87GBQ,,,,,,,,,yes,de,,
http://rdfh.ch/0803/bYOmyx27WnK0gWZARAETuA,,,,,,,,,no,,,test artefact (DATA_ISSUES A6)
http://rdfh.ch/0803/b_wN1AStVpm-zSVjQgyiAg,,,,,,,,,yes,de,,
http://rdfh.ch/0803/bjYnAm0ZVh-4zJ7z5p5GaQ,,,,,,,,,yes,de,,
http://rdfh.ch/0803/bsX4cDKkW3GMC8_Ms2tOpw,,,,,,,,,yes,de,,
http://rdfh.ch/0803/cIGsjroTV5qJtiseNcf7dA,,,,,,,,,yes,de,identischer Holzschnitt,
http://rdfh.ch/0803/cRDtdyM2V4y2Jivpcspcmg,,,,,,,,,yes,de,,
http://rdfh.ch/0803/d3SBPyTgXHaeUGfG23wbHw,,,,,,,,,yes,de,identischer Holzschnitt,
http://rdfh.ch/0803/eedSc9U1WTme-SL7YhJW4Q,,,,,,,,,no,,,test artefact (DATA_ISSUES A6)
http://rdfh.ch/0803/fUyzGd_SUSqZkqdkeukZYw,,,,,,,,,yes,de,identischer Holzschnitt,
http://rdfh.ch/0803/fh-snkNvV9eEOCzY2m2dMw,,,,,,,,,yes,,,"questionable, kept for the owner (D7)"
http://rdfh.ch/0803/gAfAiG_-U4itgN8Gdr9Ipw,,,,,,,,,yes,de,,
http://rdfh.ch/0803/gClNTN1TWhqzzyisZm2mAA,,,,,,,,,yes,de,identischer Holzschnitt,
http://rdfh.ch/0803/ggDWsmYKUd2RWy3w9PcD1w,,,,,,,,,yes,de,identischer Holzschnitt,
http://rdfh.ch/0803/gwnDFsXKU_md8lCuXC0sNw,,,,,,,,,yes,de,,
http://rdfh.ch/0803/hxY-uaf2WpKs6aSaSkX7_A,,,,,,,,,yes,de,identischer Holzschnitt,
http://rdfh.ch/0803/iBgF2IvvUiK7Q-fv4TYQ-g,,,,,,,,,no,,,test artefact (DATA_ISSUES A6)
http://rdfh.ch/0803/ik1KkbHvUjSBN5mBGn3Vuw,,,,,,,,,yes,de,,
http://rdfh.ch/0803/jPbugu24U8Oz1_MAB25ygA,,,,,,,,,yes,de,,
http://rdfh.ch/0803/jvK6NqNkVbGcccz0EyWC6Q,,,,,,,,,yes,de,,
http://rdfh.ch/0803/jwSBbhl4U_6dIifcGTn0Qg,,,,,,,,,yes,de,identischer Holzschnitt,
http://rdfh.ch/0803/kCaaKf_tUOa30R1VoGHr_w,,,,,,,,,yes,de,,
http://rdfh.ch/0803/kbKMugMvU2CWQvax_w-AIg,,,,,,,,,yes,de,identischer Holzschnitt,
http://rdfh.ch/0803/lklK7rVuVOmpBZYWrF8o-g,,,,,,,,,yes,de,,
http://rdfh.ch/0803/lp0ibqQ0VPiOmO2GPauECw,,,,,,,,,yes,de,,
http://rdfh.ch/0803/mAyL6FWFV6Kj6cDg3Z6fgw,,,,,,,,,yes,de,,
http://rdfh.ch/0803/nhNN3aJfUcmtP1eqdUaB0w,,,,,,,,,yes,de,,
http://rdfh.ch/0803/oinJvxRSWC6VCHoXjEHrtA,,,,,,,,,yes,de,Holzschnitte identisch?,D8: the question mark is the researcher's doubt
http://rdfh.ch/0803/pe_1qCKBWRWDJLLYJOlbbw,,,,,,,,,yes,de,identischer Holzschnitt,
http://rdfh.ch/0803/r55aYMuiVN2B0wSGgtqPDQ,,,,,,,,,yes,de,,
http://rdfh.ch/0803/t_X-vzC4VnCQK5AxBtUqvQ,,,,,,,,,yes,de,identischer Holzschnitt,
http://rdfh.ch/0803/uLZncaqjWhC5hDyErRYqqQ,,,,,,,,,yes,de,,"questionable, kept for the owner (D7)"
http://rdfh.ch/0803/voBOw9dGXw-f3h9Tn76ZBw,,,,,,,,,yes,de,identischer Holzschnitt,
http://rdfh.ch/0803/wO-l4gfTVsGnKtusKEomhQ,,,,,,,,,yes,de,,
http://rdfh.ch/0803/wucy4MXGWBS2Z8OguTTpyA,,,,,,,,,no,,,test artefact (DATA_ISSUES A6)
http://rdfh.ch/0803/x3NCLnuhVVW4WEDYFzCxhQ,,,,,,,,,yes,de,,
http://rdfh.ch/0803/xXOFHTwyUHeFuDoXLQk9Vw,,,,,,,,,yes,de,,
http://rdfh.ch/0803/xhvat7JpVLOR7uRfjZmmcA,,,,,,,,,yes,de,,
http://rdfh.ch/0803/yeNNME1KW7aCiiQzGuMERw,,,,,,,,,no,,,test artefact (DATA_ISSUES A6)
http://rdfh.ch/0803/yff9qPTdUhyLasCbp4sw0A,,,,,,,,,yes,de,,
http://rdfh.ch/0803/ylNmIB2eWUOLl3MtTZ5dYw,,,,,,,,,yes,de,identischer Holzschnitt,
http://rdfh.ch/0803/zBaNMoEQUhOL2uon9MAUgQ,,,,,,,,,no,,,test artefact (DATA_ISSUES A6)
http://rdfh.ch/0803/zFblYIEZXqauJirfO-7D8A,,,,,,,,,yes,en,,"questionable, kept for the owner (D7)"
http://rdfh.ch/0803/zQvZ3O9qXqeKjKJEuSorYA,,,,,,,,,yes,de,,
http://rdfh.ch/0803/z_PXgkaIVdSoGSOF_fpFJA,,,,,,,,,no,,,test artefact (DATA_ISSUES A6)
http://rdfh.ch/0803/EJZQcYisXECHxchG_KQ27w,strip-38,,,,,,,,,,Randleiste 38,
